"region_id","indicator","year","value"
"BE10","emp_tech_Sheet_25",2020,"70.8"
"BE10","emp_tech_Sheet_25",2021,"65.7"
"BE10","emp_tech_Sheet_25",2022,"77.1"
"BE10","emp_tech_Sheet_25",2023,"80.2"
"BE10","emp_tech_Sheet_25",2024,"80.9"
"BE21","emp_tech_Sheet_25",2020,"132.5"
"BE21","emp_tech_Sheet_25",2021,"123.4"
"BE21","emp_tech_Sheet_25",2022,"140.3"
"BE21","emp_tech_Sheet_25",2023,"133.9"
"BE21","emp_tech_Sheet_25",2024,"137.1"
"BE22","emp_tech_Sheet_25",2020,"62.7"
"BE22","emp_tech_Sheet_25",2021,"66.1"
"BE22","emp_tech_Sheet_25",2022,"66.0"
"BE22","emp_tech_Sheet_25",2023,"70.1"
"BE22","emp_tech_Sheet_25",2024,"68.3"
"BE23","emp_tech_Sheet_25",2020,"105.1"
"BE23","emp_tech_Sheet_25",2021,"111.2"
"BE23","emp_tech_Sheet_25",2022,"111.4"
"BE23","emp_tech_Sheet_25",2023,"124.7"
"BE23","emp_tech_Sheet_25",2024,"118.1"
"BE24","emp_tech_Sheet_25",2020,"86.9"
"BE24","emp_tech_Sheet_25",2021,"73.9"
"BE24","emp_tech_Sheet_25",2022,"79.8"
"BE24","emp_tech_Sheet_25",2023,"74.4"
"BE24","emp_tech_Sheet_25",2024,"68.7"
"BE25","emp_tech_Sheet_25",2020,"98.6"
"BE25","emp_tech_Sheet_25",2021,"102.3"
"BE25","emp_tech_Sheet_25",2022,"105.5"
"BE25","emp_tech_Sheet_25",2023,"109.6"
"BE25","emp_tech_Sheet_25",2024,"107.6"
"BE31","emp_tech_Sheet_25",2020,"22.1"
"BE31","emp_tech_Sheet_25",2021,"22.5"
"BE31","emp_tech_Sheet_25",2022,"25.3"
"BE31","emp_tech_Sheet_25",2023,"24.7"
"BE31","emp_tech_Sheet_25",2024,"24.4"
"BE32","emp_tech_Sheet_25",2020,"70.7"
"BE32","emp_tech_Sheet_25",2021,"74.6"
"BE32","emp_tech_Sheet_25",2022,"84.8"
"BE32","emp_tech_Sheet_25",2023,"75.0"
"BE32","emp_tech_Sheet_25",2024,"84.9"
"BE33","emp_tech_Sheet_25",2020,"55.7"
"BE33","emp_tech_Sheet_25",2021,"58.8"
"BE33","emp_tech_Sheet_25",2022,"65.3"
"BE33","emp_tech_Sheet_25",2023,"62.5"
"BE33","emp_tech_Sheet_25",2024,"60.5"
"BE34","emp_tech_Sheet_25",2020,"21.9"
"BE34","emp_tech_Sheet_25",2021,"21.2"
"BE34","emp_tech_Sheet_25",2022,"22.4"
"BE34","emp_tech_Sheet_25",2023,"21.7"
"BE34","emp_tech_Sheet_25",2024,"22.3"
"BE35","emp_tech_Sheet_25",2020,"26.7"
"BE35","emp_tech_Sheet_25",2021,"23.6"
"BE35","emp_tech_Sheet_25",2022,"28.8"
"BE35","emp_tech_Sheet_25",2023,"28.7"
"BE35","emp_tech_Sheet_25",2024,"29.4"
"BG31","emp_tech_Sheet_25",2020,"43.8"
"BG31","emp_tech_Sheet_25",2021,"43.7"
"BG31","emp_tech_Sheet_25",2022,"51.2"
"BG31","emp_tech_Sheet_25",2023,"49.6"
"BG31","emp_tech_Sheet_25",2024,"47.8"
"BG32","emp_tech_Sheet_25",2020,"60.6"
"BG32","emp_tech_Sheet_25",2021,"60.3"
"BG32","emp_tech_Sheet_25",2022,"60.1"
"BG32","emp_tech_Sheet_25",2023,"57.7"
"BG32","emp_tech_Sheet_25",2024,"55.7"
"BG33","emp_tech_Sheet_25",2020,"93.3"
"BG33","emp_tech_Sheet_25",2021,"89.2"
"BG33","emp_tech_Sheet_25",2022,"90.6"
"BG33","emp_tech_Sheet_25",2023,"93.6"
"BG33","emp_tech_Sheet_25",2024,"108.0"
"BG34","emp_tech_Sheet_25",2020,"87.0"
"BG34","emp_tech_Sheet_25",2021,"78.5"
"BG34","emp_tech_Sheet_25",2022,"87.6"
"BG34","emp_tech_Sheet_25",2023,"93.9"
"BG34","emp_tech_Sheet_25",2024,"86.8"
"BG41","emp_tech_Sheet_25",2020,"233.8"
"BG41","emp_tech_Sheet_25",2021,"216.8"
"BG41","emp_tech_Sheet_25",2022,"231.8"
"BG41","emp_tech_Sheet_25",2023,"237.1"
"BG41","emp_tech_Sheet_25",2024,"244.9"
"BG42","emp_tech_Sheet_25",2020,"113.3"
"BG42","emp_tech_Sheet_25",2021,"106.5"
"BG42","emp_tech_Sheet_25",2022,"115.4"
"BG42","emp_tech_Sheet_25",2023,"110.6"
"BG42","emp_tech_Sheet_25",2024,"114.1"
"CZ01","emp_tech_Sheet_25",2020,"116.1"
"CZ01","emp_tech_Sheet_25",2021,"98.9"
"CZ01","emp_tech_Sheet_25",2022,"101.8"
"CZ01","emp_tech_Sheet_25",2023,"91.3"
"CZ01","emp_tech_Sheet_25",2024,"109.1"
"CZ02","emp_tech_Sheet_25",2020,"112.1"
"CZ02","emp_tech_Sheet_25",2021,"108.1"
"CZ02","emp_tech_Sheet_25",2022,"112.6"
"CZ02","emp_tech_Sheet_25",2023,"110.6"
"CZ02","emp_tech_Sheet_25",2024,"113.0"
"CZ03","emp_tech_Sheet_25",2020,"89.9"
"CZ03","emp_tech_Sheet_25",2021,"87.0"
"CZ03","emp_tech_Sheet_25",2022,"88.6"
"CZ03","emp_tech_Sheet_25",2023,"84.0"
"CZ03","emp_tech_Sheet_25",2024,"85.2"
"CZ04","emp_tech_Sheet_25",2020,"82.6"
"CZ04","emp_tech_Sheet_25",2021,"79.5"
"CZ04","emp_tech_Sheet_25",2022,"84.2"
"CZ04","emp_tech_Sheet_25",2023,"73.3"
"CZ04","emp_tech_Sheet_25",2024,"69.8"
"CZ05","emp_tech_Sheet_25",2020,"101.4"
"CZ05","emp_tech_Sheet_25",2021,"98.9"
"CZ05","emp_tech_Sheet_25",2022,"103.4"
"CZ05","emp_tech_Sheet_25",2023,"98.3"
"CZ05","emp_tech_Sheet_25",2024,"107.2"
"CZ06","emp_tech_Sheet_25",2020,"119.1"
"CZ06","emp_tech_Sheet_25",2021,"118.7"
"CZ06","emp_tech_Sheet_25",2022,"121.5"
"CZ06","emp_tech_Sheet_25",2023,"115.9"
"CZ06","emp_tech_Sheet_25",2024,"122.1"
"CZ07","emp_tech_Sheet_25",2020,"79.1"
"CZ07","emp_tech_Sheet_25",2021,"86.9"
"CZ07","emp_tech_Sheet_25",2022,"85.3"
"CZ07","emp_tech_Sheet_25",2023,"88.3"
"CZ07","emp_tech_Sheet_25",2024,"84.7"
"CZ08","emp_tech_Sheet_25",2020,"93.8"
"CZ08","emp_tech_Sheet_25",2021,"82.7"
"CZ08","emp_tech_Sheet_25",2022,"82.5"
"CZ08","emp_tech_Sheet_25",2023,"89.8"
"CZ08","emp_tech_Sheet_25",2024,"85.7"
"DK01","emp_tech_Sheet_25",2020,"161.5"
"DK01","emp_tech_Sheet_25",2021,"159.7"
"DK01","emp_tech_Sheet_25",2022,"178.9"
"DK01","emp_tech_Sheet_25",2023,"174.2"
"DK01","emp_tech_Sheet_25",2024,"177.8"
"DK02","emp_tech_Sheet_25",2020,"75.8"
"DK02","emp_tech_Sheet_25",2021,"73.0"
"DK02","emp_tech_Sheet_25",2022,"79.2"
"DK02","emp_tech_Sheet_25",2023,"71.3"
"DK02","emp_tech_Sheet_25",2024,"73.1"
"DK03","emp_tech_Sheet_25",2020,"110.8"
"DK03","emp_tech_Sheet_25",2021,"114.4"
"DK03","emp_tech_Sheet_25",2022,"117.5"
"DK03","emp_tech_Sheet_25",2023,"119.4"
"DK03","emp_tech_Sheet_25",2024,"121.2"
"DK04","emp_tech_Sheet_25",2020,"127.2"
"DK04","emp_tech_Sheet_25",2021,"126.3"
"DK04","emp_tech_Sheet_25",2022,"135.1"
"DK04","emp_tech_Sheet_25",2023,"135.6"
"DK04","emp_tech_Sheet_25",2024,"138.0"
"DK05","emp_tech_Sheet_25",2020,"50.7"
"DK05","emp_tech_Sheet_25",2021,"51.5"
"DK05","emp_tech_Sheet_25",2022,"54.0"
"DK05","emp_tech_Sheet_25",2023,"52.2"
"DK05","emp_tech_Sheet_25",2024,"54.0"
"DE11","emp_tech_Sheet_25",2020,"309.4"
"DE11","emp_tech_Sheet_25",2021,"302.0"
"DE11","emp_tech_Sheet_25",2022,"338.7"
"DE11","emp_tech_Sheet_25",2023,"356.3"
"DE11","emp_tech_Sheet_25",2024,"358.5"
"DE12","emp_tech_Sheet_25",2020,"235.3"
"DE12","emp_tech_Sheet_25",2021,"216.8"
"DE12","emp_tech_Sheet_25",2022,"209.7"
"DE12","emp_tech_Sheet_25",2023,"233.1"
"DE12","emp_tech_Sheet_25",2024,"231.6"
"DE13","emp_tech_Sheet_25",2020,"182.2"
"DE13","emp_tech_Sheet_25",2021,"181.6"
"DE13","emp_tech_Sheet_25",2022,"189.6"
"DE13","emp_tech_Sheet_25",2023,"207.2"
"DE13","emp_tech_Sheet_25",2024,"207.4"
"DE14","emp_tech_Sheet_25",2020,"157.4"
"DE14","emp_tech_Sheet_25",2021,"154.1"
"DE14","emp_tech_Sheet_25",2022,"150.5"
"DE14","emp_tech_Sheet_25",2023,"152.7"
"DE14","emp_tech_Sheet_25",2024,"158.0"
"DE21","emp_tech_Sheet_25",2020,"402.9"
"DE21","emp_tech_Sheet_25",2021,"362.1"
"DE21","emp_tech_Sheet_25",2022,"387.9"
"DE21","emp_tech_Sheet_25",2023,"422.4"
"DE21","emp_tech_Sheet_25",2024,"401.1"
"DE22","emp_tech_Sheet_25",2020,"106.1"
"DE22","emp_tech_Sheet_25",2021,"113.4"
"DE22","emp_tech_Sheet_25",2022,"124.6"
"DE22","emp_tech_Sheet_25",2023,"109.8"
"DE22","emp_tech_Sheet_25",2024,"113.3"
"DE23","emp_tech_Sheet_25",2020,"87.2"
"DE23","emp_tech_Sheet_25",2021,"89.4"
"DE23","emp_tech_Sheet_25",2022,"93.5"
"DE23","emp_tech_Sheet_25",2023,"96.3"
"DE23","emp_tech_Sheet_25",2024,"92.4"
"DE24","emp_tech_Sheet_25",2020,"99.0"
"DE24","emp_tech_Sheet_25",2021,"84.1"
"DE24","emp_tech_Sheet_25",2022,"100.1"
"DE24","emp_tech_Sheet_25",2023,"108.4"
"DE24","emp_tech_Sheet_25",2024,"88.2"
"DE25","emp_tech_Sheet_25",2020,"113.3"
"DE25","emp_tech_Sheet_25",2021,"112.5"
"DE25","emp_tech_Sheet_25",2022,"135.5"
"DE25","emp_tech_Sheet_25",2023,"150.9"
"DE25","emp_tech_Sheet_25",2024,"156.8"
"DE26","emp_tech_Sheet_25",2020,"93.2"
"DE26","emp_tech_Sheet_25",2021,"128.7"
"DE26","emp_tech_Sheet_25",2022,"122.3"
"DE26","emp_tech_Sheet_25",2023,"102.8"
"DE26","emp_tech_Sheet_25",2024,"111.4"
"DE27","emp_tech_Sheet_25",2020,"160.2"
"DE27","emp_tech_Sheet_25",2021,"154.7"
"DE27","emp_tech_Sheet_25",2022,"151.7"
"DE27","emp_tech_Sheet_25",2023,"170.6"
"DE27","emp_tech_Sheet_25",2024,"173.7"
"DE30","emp_tech_Sheet_25",2020,"285.9"
"DE30","emp_tech_Sheet_25",2021,"267.0"
"DE30","emp_tech_Sheet_25",2022,"257.9"
"DE30","emp_tech_Sheet_25",2023,"288.5"
"DE30","emp_tech_Sheet_25",2024,"306.3"
"DE40","emp_tech_Sheet_25",2020,"206.5"
"DE40","emp_tech_Sheet_25",2021,"194.3"
"DE40","emp_tech_Sheet_25",2022,"188.2"
"DE40","emp_tech_Sheet_25",2023,"201.1"
"DE40","emp_tech_Sheet_25",2024,"193.0"
"DE50","emp_tech_Sheet_25",2020,"45.3"
"DE50","emp_tech_Sheet_25",2021,"50.3"
"DE50","emp_tech_Sheet_25",2022,"58.2"
"DE50","emp_tech_Sheet_25",2023,"61.5"
"DE50","emp_tech_Sheet_25",2024,"57.4"
"DE60","emp_tech_Sheet_25",2020,"175.6"
"DE60","emp_tech_Sheet_25",2021,"159.1"
"DE60","emp_tech_Sheet_25",2022,"147.0"
"DE60","emp_tech_Sheet_25",2023,"163.6"
"DE60","emp_tech_Sheet_25",2024,"155.9"
"DE71","emp_tech_Sheet_25",2020,"325.1"
"DE71","emp_tech_Sheet_25",2021,"308.0"
"DE71","emp_tech_Sheet_25",2022,"320.9"
"DE71","emp_tech_Sheet_25",2023,"326.5"
"DE71","emp_tech_Sheet_25",2024,"325.8"
"DE72","emp_tech_Sheet_25",2020,"86.9"
"DE72","emp_tech_Sheet_25",2021,"76.5"
"DE72","emp_tech_Sheet_25",2022,"79.0"
"DE72","emp_tech_Sheet_25",2023,"75.4"
"DE72","emp_tech_Sheet_25",2024,"90.0"
"DE73","emp_tech_Sheet_25",2020,"103.6"
"DE73","emp_tech_Sheet_25",2021,"96.6"
"DE73","emp_tech_Sheet_25",2022,"97.0"
"DE73","emp_tech_Sheet_25",2023,"109.5"
"DE73","emp_tech_Sheet_25",2024,"107.4"
"DE80","emp_tech_Sheet_25",2020,"148.7"
"DE80","emp_tech_Sheet_25",2021,"130.6"
"DE80","emp_tech_Sheet_25",2022,"130.0"
"DE80","emp_tech_Sheet_25",2023,"138.0"
"DE80","emp_tech_Sheet_25",2024,"129.2"
"DE91","emp_tech_Sheet_25",2020,"122.4"
"DE91","emp_tech_Sheet_25",2021,"112.8"
"DE91","emp_tech_Sheet_25",2022,"118.6"
"DE91","emp_tech_Sheet_25",2023,"114.5"
"DE91","emp_tech_Sheet_25",2024,"112.7"
"DE92","emp_tech_Sheet_25",2020,"178.1"
"DE92","emp_tech_Sheet_25",2021,"174.3"
"DE92","emp_tech_Sheet_25",2022,"186.7"
"DE92","emp_tech_Sheet_25",2023,"184.8"
"DE92","emp_tech_Sheet_25",2024,"188.6"
"DE93","emp_tech_Sheet_25",2020,"145.9"
"DE93","emp_tech_Sheet_25",2021,"147.6"
"DE93","emp_tech_Sheet_25",2022,"160.2"
"DE93","emp_tech_Sheet_25",2023,"161.4"
"DE93","emp_tech_Sheet_25",2024,"156.3"
"DE94","emp_tech_Sheet_25",2020,"222.4"
"DE94","emp_tech_Sheet_25",2021,"211.7"
"DE94","emp_tech_Sheet_25",2022,"235.7"
"DE94","emp_tech_Sheet_25",2023,"253.8"
"DE94","emp_tech_Sheet_25",2024,"247.3"
"DEA1","emp_tech_Sheet_25",2020,"413.0"
"DEA1","emp_tech_Sheet_25",2021,"429.7"
"DEA1","emp_tech_Sheet_25",2022,"439.4"
"DEA1","emp_tech_Sheet_25",2023,"450.5"
"DEA1","emp_tech_Sheet_25",2024,"451.9"
"DEA2","emp_tech_Sheet_25",2020,"318.0"
"DEA2","emp_tech_Sheet_25",2021,"328.4"
"DEA2","emp_tech_Sheet_25",2022,"357.3"
"DEA2","emp_tech_Sheet_25",2023,"364.1"
"DEA2","emp_tech_Sheet_25",2024,"369.7"
"DEA3","emp_tech_Sheet_25",2020,"223.5"
"DEA3","emp_tech_Sheet_25",2021,"196.3"
"DEA3","emp_tech_Sheet_25",2022,"218.9"
"DEA3","emp_tech_Sheet_25",2023,"215.8"
"DEA3","emp_tech_Sheet_25",2024,"223.6"
"DEA4","emp_tech_Sheet_25",2020,"179.7"
"DEA4","emp_tech_Sheet_25",2021,"155.0"
"DEA4","emp_tech_Sheet_25",2022,"161.8"
"DEA4","emp_tech_Sheet_25",2023,"166.6"
"DEA4","emp_tech_Sheet_25",2024,"172.0"
"DEA5","emp_tech_Sheet_25",2020,"273.5"
"DEA5","emp_tech_Sheet_25",2021,"273.0"
"DEA5","emp_tech_Sheet_25",2022,"277.7"
"DEA5","emp_tech_Sheet_25",2023,"290.6"
"DEA5","emp_tech_Sheet_25",2024,"299.5"
"DEB1","emp_tech_Sheet_25",2020,"113.2"
"DEB1","emp_tech_Sheet_25",2021,"119.2"
"DEB1","emp_tech_Sheet_25",2022,"138.9"
"DEB1","emp_tech_Sheet_25",2023,"130.0"
"DEB1","emp_tech_Sheet_25",2024,"126.0"
"DEB2","emp_tech_Sheet_25",2020,"50.6"
"DEB2","emp_tech_Sheet_25",2021,"45.1"
"DEB2","emp_tech_Sheet_25",2022,"49.8"
"DEB2","emp_tech_Sheet_25",2023,"62.3"
"DEB2","emp_tech_Sheet_25",2024,"56.4"
"DEB3","emp_tech_Sheet_25",2020,"167.6"
"DEB3","emp_tech_Sheet_25",2021,"164.1"
"DEB3","emp_tech_Sheet_25",2022,"162.4"
"DEB3","emp_tech_Sheet_25",2023,"178.0"
"DEB3","emp_tech_Sheet_25",2024,"174.5"
"DEC0","emp_tech_Sheet_25",2020,"79.1"
"DEC0","emp_tech_Sheet_25",2021,"77.3"
"DEC0","emp_tech_Sheet_25",2022,"85.4"
"DEC0","emp_tech_Sheet_25",2023,"84.6"
"DEC0","emp_tech_Sheet_25",2024,"79.2"
"DED2","emp_tech_Sheet_25",2020,"123.1"
"DED2","emp_tech_Sheet_25",2021,"110.3"
"DED2","emp_tech_Sheet_25",2022,"111.9"
"DED2","emp_tech_Sheet_25",2023,"117.2"
"DED2","emp_tech_Sheet_25",2024,"110.3"
"DED4","emp_tech_Sheet_25",2020,"101.3"
"DED4","emp_tech_Sheet_25",2021,"95.0"
"DED4","emp_tech_Sheet_25",2022,"90.6"
"DED4","emp_tech_Sheet_25",2023,"85.0"
"DED4","emp_tech_Sheet_25",2024,"83.4"
"DED5","emp_tech_Sheet_25",2020,"71.3"
"DED5","emp_tech_Sheet_25",2021,"67.9"
"DED5","emp_tech_Sheet_25",2022,"81.9"
"DED5","emp_tech_Sheet_25",2023,"87.5"
"DED5","emp_tech_Sheet_25",2024,"75.6"
"DEE0","emp_tech_Sheet_25",2020,"155.8"
"DEE0","emp_tech_Sheet_25",2021,"150.5"
"DEE0","emp_tech_Sheet_25",2022,"159.2"
"DEE0","emp_tech_Sheet_25",2023,"160.7"
"DEE0","emp_tech_Sheet_25",2024,"169.8"
"DEF0","emp_tech_Sheet_25",2020,"274.9"
"DEF0","emp_tech_Sheet_25",2021,"263.1"
"DEF0","emp_tech_Sheet_25",2022,"282.8"
"DEF0","emp_tech_Sheet_25",2023,"284.4"
"DEF0","emp_tech_Sheet_25",2024,"264.2"
"DEG0","emp_tech_Sheet_25",2020,"150.6"
"DEG0","emp_tech_Sheet_25",2021,"152.9"
"DEG0","emp_tech_Sheet_25",2022,"158.4"
"DEG0","emp_tech_Sheet_25",2023,"158.3"
"DEG0","emp_tech_Sheet_25",2024,"155.6"
"EE00","emp_tech_Sheet_25",2020,"106.1"
"EE00","emp_tech_Sheet_25",2021,"103.7"
"EE00","emp_tech_Sheet_25",2022,"111.1"
"EE00","emp_tech_Sheet_25",2023,"113.8"
"EE00","emp_tech_Sheet_25",2024,"121.9"
"IE04","emp_tech_Sheet_25",2020,"79.2"
"IE04","emp_tech_Sheet_25",2021,"78.9"
"IE04","emp_tech_Sheet_25",2022,"86.3"
"IE04","emp_tech_Sheet_25",2023,"87.6"
"IE04","emp_tech_Sheet_25",2024,"87.0"
"IE05","emp_tech_Sheet_25",2020,"152.1"
"IE05","emp_tech_Sheet_25",2021,"149.3"
"IE05","emp_tech_Sheet_25",2022,"164.0"
"IE05","emp_tech_Sheet_25",2023,"178.9"
"IE05","emp_tech_Sheet_25",2024,"172.7"
"IE06","emp_tech_Sheet_25",2020,"220.6"
"IE06","emp_tech_Sheet_25",2021,"224.3"
"IE06","emp_tech_Sheet_25",2022,"239.6"
"IE06","emp_tech_Sheet_25",2023,"251.2"
"IE06","emp_tech_Sheet_25",2024,"251.1"
"EL30","emp_tech_Sheet_25",2020,"393.3"
"EL30","emp_tech_Sheet_25",2021,"371.2"
"EL30","emp_tech_Sheet_25",2022,"397.3"
"EL30","emp_tech_Sheet_25",2023,"381.0"
"EL30","emp_tech_Sheet_25",2024,"388.9"
"EL41","emp_tech_Sheet_25",2020,"20.5"
"EL41","emp_tech_Sheet_25",2021,"19.2"
"EL41","emp_tech_Sheet_25",2022,"23.0"
"EL41","emp_tech_Sheet_25",2023,"20.1"
"EL41","emp_tech_Sheet_25",2024,"17.7"
"EL42","emp_tech_Sheet_25",2020,"51.0"
"EL42","emp_tech_Sheet_25",2021,"49.0"
"EL42","emp_tech_Sheet_25",2022,"51.1"
"EL42","emp_tech_Sheet_25",2023,"57.2"
"EL42","emp_tech_Sheet_25",2024,"59.4"
"EL43","emp_tech_Sheet_25",2020,"77.1"
"EL43","emp_tech_Sheet_25",2021,"68.6"
"EL43","emp_tech_Sheet_25",2022,"79.5"
"EL43","emp_tech_Sheet_25",2023,"82.0"
"EL43","emp_tech_Sheet_25",2024,"85.2"
"EL51","emp_tech_Sheet_25",2020,"52.4"
"EL51","emp_tech_Sheet_25",2021,"46.6"
"EL51","emp_tech_Sheet_25",2022,"50.4"
"EL51","emp_tech_Sheet_25",2023,"52.6"
"EL51","emp_tech_Sheet_25",2024,"57.3"
"EL52","emp_tech_Sheet_25",2020,"179.3"
"EL52","emp_tech_Sheet_25",2021,"179.7"
"EL52","emp_tech_Sheet_25",2022,"190.8"
"EL52","emp_tech_Sheet_25",2023,"187.0"
"EL52","emp_tech_Sheet_25",2024,"195.5"
"EL53","emp_tech_Sheet_25",2020,"19.8"
"EL53","emp_tech_Sheet_25",2021,"22.8"
"EL53","emp_tech_Sheet_25",2022,"21.1"
"EL53","emp_tech_Sheet_25",2023,"24.1"
"EL53","emp_tech_Sheet_25",2024,"18.8"
"EL54","emp_tech_Sheet_25",2020,"28.1"
"EL54","emp_tech_Sheet_25",2021,"27.0"
"EL54","emp_tech_Sheet_25",2022,"30.1"
"EL54","emp_tech_Sheet_25",2023,"30.4"
"EL54","emp_tech_Sheet_25",2024,"27.7"
"EL61","emp_tech_Sheet_25",2020,"66.8"
"EL61","emp_tech_Sheet_25",2021,"63.6"
"EL61","emp_tech_Sheet_25",2022,"69.5"
"EL61","emp_tech_Sheet_25",2023,"60.9"
"EL61","emp_tech_Sheet_25",2024,"62.0"
"EL62","emp_tech_Sheet_25",2020,"29.6"
"EL62","emp_tech_Sheet_25",2021,"33.7"
"EL62","emp_tech_Sheet_25",2022,"32.2"
"EL62","emp_tech_Sheet_25",2023,"34.4"
"EL62","emp_tech_Sheet_25",2024,"37.3"
"EL63","emp_tech_Sheet_25",2020,"52.6"
"EL63","emp_tech_Sheet_25",2021,"61.0"
"EL63","emp_tech_Sheet_25",2022,"64.9"
"EL63","emp_tech_Sheet_25",2023,"61.4"
"EL63","emp_tech_Sheet_25",2024,"69.3"
"EL64","emp_tech_Sheet_25",2020,"47.7"
"EL64","emp_tech_Sheet_25",2021,"44.3"
"EL64","emp_tech_Sheet_25",2022,"51.3"
"EL64","emp_tech_Sheet_25",2023,"55.3"
"EL64","emp_tech_Sheet_25",2024,"60.3"
"EL65","emp_tech_Sheet_25",2020,"59.5"
"EL65","emp_tech_Sheet_25",2021,"52.5"
"EL65","emp_tech_Sheet_25",2022,"59.3"
"EL65","emp_tech_Sheet_25",2023,"55.0"
"EL65","emp_tech_Sheet_25",2024,"57.1"
"ES11","emp_tech_Sheet_25",2020,"261.4"
"ES11","emp_tech_Sheet_25",2021,"262.6"
"ES11","emp_tech_Sheet_25",2022,"276.9"
"ES11","emp_tech_Sheet_25",2023,"281.3"
"ES11","emp_tech_Sheet_25",2024,"273.2"
"ES12","emp_tech_Sheet_25",2020,"100.2"
"ES12","emp_tech_Sheet_25",2021,"92.1"
"ES12","emp_tech_Sheet_25",2022,"93.0"
"ES12","emp_tech_Sheet_25",2023,"101.0"
"ES12","emp_tech_Sheet_25",2024,"104.7"
"ES13","emp_tech_Sheet_25",2020,"57.0"
"ES13","emp_tech_Sheet_25",2021,"62.7"
"ES13","emp_tech_Sheet_25",2022,"62.2"
"ES13","emp_tech_Sheet_25",2023,"61.7"
"ES13","emp_tech_Sheet_25",2024,"65.2"
"ES21","emp_tech_Sheet_25",2020,"189.7"
"ES21","emp_tech_Sheet_25",2021,"200.7"
"ES21","emp_tech_Sheet_25",2022,"206.8"
"ES21","emp_tech_Sheet_25",2023,"211.2"
"ES21","emp_tech_Sheet_25",2024,"195.3"
"ES22","emp_tech_Sheet_25",2020,"52.4"
"ES22","emp_tech_Sheet_25",2021,"54.5"
"ES22","emp_tech_Sheet_25",2022,"60.5"
"ES22","emp_tech_Sheet_25",2023,"62.3"
"ES22","emp_tech_Sheet_25",2024,"62.2"
"ES23","emp_tech_Sheet_25",2020,"31.6"
"ES23","emp_tech_Sheet_25",2021,"28.5"
"ES23","emp_tech_Sheet_25",2022,"28.4"
"ES23","emp_tech_Sheet_25",2023,"29.6"
"ES23","emp_tech_Sheet_25",2024,"27.0"
"ES24","emp_tech_Sheet_25",2020,"122.2"
"ES24","emp_tech_Sheet_25",2021,"123.0"
"ES24","emp_tech_Sheet_25",2022,"130.8"
"ES24","emp_tech_Sheet_25",2023,"129.1"
"ES24","emp_tech_Sheet_25",2024,"133.0"
"ES30","emp_tech_Sheet_25",2020,"727.4"
"ES30","emp_tech_Sheet_25",2021,"743.3"
"ES30","emp_tech_Sheet_25",2022,"709.6"
"ES30","emp_tech_Sheet_25",2023,"764.2"
"ES30","emp_tech_Sheet_25",2024,"818.6"
"ES41","emp_tech_Sheet_25",2020,"221.5"
"ES41","emp_tech_Sheet_25",2021,"207.2"
"ES41","emp_tech_Sheet_25",2022,"229.3"
"ES41","emp_tech_Sheet_25",2023,"226.1"
"ES41","emp_tech_Sheet_25",2024,"225.8"
"ES42","emp_tech_Sheet_25",2020,"174.0"
"ES42","emp_tech_Sheet_25",2021,"189.3"
"ES42","emp_tech_Sheet_25",2022,"196.3"
"ES42","emp_tech_Sheet_25",2023,"191.6"
"ES42","emp_tech_Sheet_25",2024,"183.0"
"ES43","emp_tech_Sheet_25",2020,"93.0"
"ES43","emp_tech_Sheet_25",2021,"89.4"
"ES43","emp_tech_Sheet_25",2022,"89.8"
"ES43","emp_tech_Sheet_25",2023,"93.7"
"ES43","emp_tech_Sheet_25",2024,"94.8"
"ES51","emp_tech_Sheet_25",2020,"808.3"
"ES51","emp_tech_Sheet_25",2021,"827.9"
"ES51","emp_tech_Sheet_25",2022,"845.8"
"ES51","emp_tech_Sheet_25",2023,"917.2"
"ES51","emp_tech_Sheet_25",2024,"951.8"
"ES52","emp_tech_Sheet_25",2020,"599.3"
"ES52","emp_tech_Sheet_25",2021,"583.7"
"ES52","emp_tech_Sheet_25",2022,"620.1"
"ES52","emp_tech_Sheet_25",2023,"665.5"
"ES52","emp_tech_Sheet_25",2024,"668.7"
"ES53","emp_tech_Sheet_25",2020,"174.3"
"ES53","emp_tech_Sheet_25",2021,"181.7"
"ES53","emp_tech_Sheet_25",2022,"196.2"
"ES53","emp_tech_Sheet_25",2023,"220.2"
"ES53","emp_tech_Sheet_25",2024,"209.1"
"ES61","emp_tech_Sheet_25",2020,"840.0"
"ES61","emp_tech_Sheet_25",2021,"875.0"
"ES61","emp_tech_Sheet_25",2022,"935.9"
"ES61","emp_tech_Sheet_25",2023,"940.3"
"ES61","emp_tech_Sheet_25",2024,"944.3"
"ES62","emp_tech_Sheet_25",2020,"157.4"
"ES62","emp_tech_Sheet_25",2021,"189.6"
"ES62","emp_tech_Sheet_25",2022,"190.6"
"ES62","emp_tech_Sheet_25",2023,"189.9"
"ES62","emp_tech_Sheet_25",2024,"184.4"
"ES63","emp_tech_Sheet_25",2020,"6.6"
"ES63","emp_tech_Sheet_25",2021,"6.8"
"ES63","emp_tech_Sheet_25",2022,"6.6"
"ES63","emp_tech_Sheet_25",2023,"6.2"
"ES63","emp_tech_Sheet_25",2024,"5.7"
"ES64","emp_tech_Sheet_25",2020,"4.7"
"ES64","emp_tech_Sheet_25",2021,"4.7"
"ES64","emp_tech_Sheet_25",2022,"4.6"
"ES64","emp_tech_Sheet_25",2023,"5.6"
"ES64","emp_tech_Sheet_25",2024,"6.1"
"ES70","emp_tech_Sheet_25",2020,"330.9"
"ES70","emp_tech_Sheet_25",2021,"278.9"
"ES70","emp_tech_Sheet_25",2022,"348.8"
"ES70","emp_tech_Sheet_25",2023,"391.8"
"ES70","emp_tech_Sheet_25",2024,"407.1"
"FR10","emp_tech_Sheet_25",2020,"889.5"
"FR10","emp_tech_Sheet_25",2021,"868.3"
"FR10","emp_tech_Sheet_25",2022,"925.6"
"FR10","emp_tech_Sheet_25",2023,"914.7"
"FR10","emp_tech_Sheet_25",2024,"1005.4"
"FRB0","emp_tech_Sheet_25",2020,"168.7"
"FRB0","emp_tech_Sheet_25",2021,"186.7"
"FRB0","emp_tech_Sheet_25",2022,"191.1"
"FRB0","emp_tech_Sheet_25",2023,"176.4"
"FRB0","emp_tech_Sheet_25",2024,"192.7"
"FRC1","emp_tech_Sheet_25",2020,"125.2"
"FRC1","emp_tech_Sheet_25",2021,"119.1"
"FRC1","emp_tech_Sheet_25",2022,"125.9"
"FRC1","emp_tech_Sheet_25",2023,"113.3"
"FRC1","emp_tech_Sheet_25",2024,"106.8"
"FRC2","emp_tech_Sheet_25",2020,"68.5"
"FRC2","emp_tech_Sheet_25",2021,"69.0"
"FRC2","emp_tech_Sheet_25",2022,"72.7"
"FRC2","emp_tech_Sheet_25",2023,"77.8"
"FRC2","emp_tech_Sheet_25",2024,"81.4"
"FRD1","emp_tech_Sheet_25",2020,"96.0"
"FRD1","emp_tech_Sheet_25",2021,"96.3"
"FRD1","emp_tech_Sheet_25",2022,"93.8"
"FRD1","emp_tech_Sheet_25",2023,"112.7"
"FRD1","emp_tech_Sheet_25",2024,"109.6"
"FRD2","emp_tech_Sheet_25",2020,"117.9"
"FRD2","emp_tech_Sheet_25",2021,"113.1"
"FRD2","emp_tech_Sheet_25",2022,"124.3"
"FRD2","emp_tech_Sheet_25",2023,"136.1"
"FRD2","emp_tech_Sheet_25",2024,"126.4"
"FRE1","emp_tech_Sheet_25",2020,"235.7"
"FRE1","emp_tech_Sheet_25",2021,"260.1"
"FRE1","emp_tech_Sheet_25",2022,"297.1"
"FRE1","emp_tech_Sheet_25",2023,"271.4"
"FRE1","emp_tech_Sheet_25",2024,"294.5"
"FRE2","emp_tech_Sheet_25",2020,"133.7"
"FRE2","emp_tech_Sheet_25",2021,"129.6"
"FRE2","emp_tech_Sheet_25",2022,"137.5"
"FRE2","emp_tech_Sheet_25",2023,"134.5"
"FRE2","emp_tech_Sheet_25",2024,"137.5"
"FRF1","emp_tech_Sheet_25",2020,"160.3"
"FRF1","emp_tech_Sheet_25",2021,"148.5"
"FRF1","emp_tech_Sheet_25",2022,"167.9"
"FRF1","emp_tech_Sheet_25",2023,"164.3"
"FRF1","emp_tech_Sheet_25",2024,"169.4"
"FRF2","emp_tech_Sheet_25",2020,"70.8"
"FRF2","emp_tech_Sheet_25",2021,"66.4"
"FRF2","emp_tech_Sheet_25",2022,"78.7"
"FRF2","emp_tech_Sheet_25",2023,"77.5"
"FRF2","emp_tech_Sheet_25",2024,"80.5"
"FRF3","emp_tech_Sheet_25",2020,"181.7"
"FRF3","emp_tech_Sheet_25",2021,"165.4"
"FRF3","emp_tech_Sheet_25",2022,"181.8"
"FRF3","emp_tech_Sheet_25",2023,"177.2"
"FRF3","emp_tech_Sheet_25",2024,"165.9"
"FRG0","emp_tech_Sheet_25",2020,"265.8"
"FRG0","emp_tech_Sheet_25",2021,"254.3"
"FRG0","emp_tech_Sheet_25",2022,"253.3"
"FRG0","emp_tech_Sheet_25",2023,"276.0"
"FRG0","emp_tech_Sheet_25",2024,"286.5"
"FRH0","emp_tech_Sheet_25",2020,"223.7"
"FRH0","emp_tech_Sheet_25",2021,"265.9"
"FRH0","emp_tech_Sheet_25",2022,"279.9"
"FRH0","emp_tech_Sheet_25",2023,"290.6"
"FRH0","emp_tech_Sheet_25",2024,"276.1"
"FRI1","emp_tech_Sheet_25",2020,"247.3"
"FRI1","emp_tech_Sheet_25",2021,"288.7"
"FRI1","emp_tech_Sheet_25",2022,"298.4"
"FRI1","emp_tech_Sheet_25",2023,"287.9"
"FRI1","emp_tech_Sheet_25",2024,"323.3"
"FRI2","emp_tech_Sheet_25",2020,"47.4"
"FRI2","emp_tech_Sheet_25",2021,"40.4"
"FRI2","emp_tech_Sheet_25",2022,"45.3"
"FRI2","emp_tech_Sheet_25",2023,"48.1"
"FRI2","emp_tech_Sheet_25",2024,"47.8"
"FRI3","emp_tech_Sheet_25",2020,"125.7"
"FRI3","emp_tech_Sheet_25",2021,"128.5"
"FRI3","emp_tech_Sheet_25",2022,"138.1"
"FRI3","emp_tech_Sheet_25",2023,"139.4"
"FRI3","emp_tech_Sheet_25",2024,"123.3"
"FRJ1","emp_tech_Sheet_25",2020,"204.4"
"FRJ1","emp_tech_Sheet_25",2021,"213.3"
"FRJ1","emp_tech_Sheet_25",2022,"251.4"
"FRJ1","emp_tech_Sheet_25",2023,"239.6"
"FRJ1","emp_tech_Sheet_25",2024,"213.7"
"FRJ2","emp_tech_Sheet_25",2020,"214.6"
"FRJ2","emp_tech_Sheet_25",2021,"204.5"
"FRJ2","emp_tech_Sheet_25",2022,"236.8"
"FRJ2","emp_tech_Sheet_25",2023,"223.7"
"FRJ2","emp_tech_Sheet_25",2024,"222.5"
"FRK1","emp_tech_Sheet_25",2020,"79.7"
"FRK1","emp_tech_Sheet_25",2021,"90.4"
"FRK1","emp_tech_Sheet_25",2022,"98.9"
"FRK1","emp_tech_Sheet_25",2023,"102.1"
"FRK1","emp_tech_Sheet_25",2024,"92.1"
"FRK2","emp_tech_Sheet_25",2020,"489.2"
"FRK2","emp_tech_Sheet_25",2021,"481.4"
"FRK2","emp_tech_Sheet_25",2022,"532.1"
"FRK2","emp_tech_Sheet_25",2023,"532.8"
"FRK2","emp_tech_Sheet_25",2024,"546.7"
"FRL0","emp_tech_Sheet_25",2020,"375.8"
"FRL0","emp_tech_Sheet_25",2021,"367.1"
"FRL0","emp_tech_Sheet_25",2022,"413.5"
"FRL0","emp_tech_Sheet_25",2023,"397.4"
"FRL0","emp_tech_Sheet_25",2024,"420.0"
"FRM0","emp_tech_Sheet_25",2020,"30.5"
"FRM0","emp_tech_Sheet_25",2021,"28.0"
"FRM0","emp_tech_Sheet_25",2022,"33.8"
"FRM0","emp_tech_Sheet_25",2023,"35.7"
"FRM0","emp_tech_Sheet_25",2024,"32.3"
"FRY1","emp_tech_Sheet_25",2020,"28.1"
"FRY1","emp_tech_Sheet_25",2021,"27.2"
"FRY1","emp_tech_Sheet_25",2022,"22.1"
"FRY1","emp_tech_Sheet_25",2023,"25.1"
"FRY1","emp_tech_Sheet_25",2024,"27.7"
"FRY2","emp_tech_Sheet_25",2020,"27.3"
"FRY2","emp_tech_Sheet_25",2021,"20.8"
"FRY2","emp_tech_Sheet_25",2022,"22.2"
"FRY2","emp_tech_Sheet_25",2023,"24.1"
"FRY2","emp_tech_Sheet_25",2024,"22.9"
"FRY3","emp_tech_Sheet_25",2020,"8.5"
"FRY3","emp_tech_Sheet_25",2021,"10.2"
"FRY3","emp_tech_Sheet_25",2022,"11.6"
"FRY3","emp_tech_Sheet_25",2023,"11.4"
"FRY3","emp_tech_Sheet_25",2024,"10.5"
"FRY4","emp_tech_Sheet_25",2020,"55.6"
"FRY4","emp_tech_Sheet_25",2021,"51.7"
"FRY4","emp_tech_Sheet_25",2022,"56.9"
"FRY4","emp_tech_Sheet_25",2023,"56.2"
"FRY4","emp_tech_Sheet_25",2024,"64.4"
"HR02","emp_tech_Sheet_25",2020,"53.8"
"HR02","emp_tech_Sheet_25",2021,"53.6"
"HR02","emp_tech_Sheet_25",2022,"57.5"
"HR02","emp_tech_Sheet_25",2023,"61.1"
"HR02","emp_tech_Sheet_25",2024,"70.8"
"HR03","emp_tech_Sheet_25",2020,"135.6"
"HR03","emp_tech_Sheet_25",2021,"130.8"
"HR03","emp_tech_Sheet_25",2022,"136.2"
"HR03","emp_tech_Sheet_25",2023,"141.9"
"HR03","emp_tech_Sheet_25",2024,"149.6"
"HR05","emp_tech_Sheet_25",2020,"67.2"
"HR05","emp_tech_Sheet_25",2021,"71.8"
"HR05","emp_tech_Sheet_25",2022,"73.7"
"HR05","emp_tech_Sheet_25",2023,"66.6"
"HR05","emp_tech_Sheet_25",2024,"66.9"
"HR06","emp_tech_Sheet_25",2020,"53.5"
"HR06","emp_tech_Sheet_25",2021,"55.1"
"HR06","emp_tech_Sheet_25",2022,"56.1"
"HR06","emp_tech_Sheet_25",2023,"55.6"
"HR06","emp_tech_Sheet_25",2024,"59.1"
"ITC1","emp_tech_Sheet_25",2020,"373.5"
"ITC1","emp_tech_Sheet_25",2021,"354.8"
"ITC1","emp_tech_Sheet_25",2022,"361.8"
"ITC1","emp_tech_Sheet_25",2023,"365.6"
"ITC1","emp_tech_Sheet_25",2024,"388.7"
"ITC2","emp_tech_Sheet_25",2020,"13.1"
"ITC2","emp_tech_Sheet_25",2021,"12.8"
"ITC2","emp_tech_Sheet_25",2022,"13.9"
"ITC2","emp_tech_Sheet_25",2023,"14.6"
"ITC2","emp_tech_Sheet_25",2024,"14.3"
"ITC3","emp_tech_Sheet_25",2020,"155.6"
"ITC3","emp_tech_Sheet_25",2021,"153.4"
"ITC3","emp_tech_Sheet_25",2022,"167.3"
"ITC3","emp_tech_Sheet_25",2023,"166.5"
"ITC3","emp_tech_Sheet_25",2024,"164.3"
"ITC4","emp_tech_Sheet_25",2020,"881.9"
"ITC4","emp_tech_Sheet_25",2021,"857.3"
"ITC4","emp_tech_Sheet_25",2022,"890.1"
"ITC4","emp_tech_Sheet_25",2023,"930.6"
"ITC4","emp_tech_Sheet_25",2024,"930.8"
"ITF1","emp_tech_Sheet_25",2020,"107.0"
"ITF1","emp_tech_Sheet_25",2021,"103.1"
"ITF1","emp_tech_Sheet_25",2022,"102.5"
"ITF1","emp_tech_Sheet_25",2023,"105.9"
"ITF1","emp_tech_Sheet_25",2024,"112.7"
"ITF2","emp_tech_Sheet_25",2020,"22.6"
"ITF2","emp_tech_Sheet_25",2021,"18.6"
"ITF2","emp_tech_Sheet_25",2022,"22.9"
"ITF2","emp_tech_Sheet_25",2023,"23.9"
"ITF2","emp_tech_Sheet_25",2024,"22.9"
"ITF3","emp_tech_Sheet_25",2020,"396.2"
"ITF3","emp_tech_Sheet_25",2021,"397.4"
"ITF3","emp_tech_Sheet_25",2022,"412.0"
"ITF3","emp_tech_Sheet_25",2023,"414.4"
"ITF3","emp_tech_Sheet_25",2024,"428.3"
"ITF4","emp_tech_Sheet_25",2020,"286.1"
"ITF4","emp_tech_Sheet_25",2021,"290.0"
"ITF4","emp_tech_Sheet_25",2022,"302.8"
"ITF4","emp_tech_Sheet_25",2023,"309.6"
"ITF4","emp_tech_Sheet_25",2024,"318.6"
"ITF5","emp_tech_Sheet_25",2020,"35.7"
"ITF5","emp_tech_Sheet_25",2021,"34.8"
"ITF5","emp_tech_Sheet_25",2022,"35.9"
"ITF5","emp_tech_Sheet_25",2023,"37.2"
"ITF5","emp_tech_Sheet_25",2024,"39.0"
"ITF6","emp_tech_Sheet_25",2020,"127.7"
"ITF6","emp_tech_Sheet_25",2021,"121.3"
"ITF6","emp_tech_Sheet_25",2022,"124.2"
"ITF6","emp_tech_Sheet_25",2023,"120.9"
"ITF6","emp_tech_Sheet_25",2024,"134.9"
"ITG1","emp_tech_Sheet_25",2020,"333.4"
"ITG1","emp_tech_Sheet_25",2021,"314.6"
"ITG1","emp_tech_Sheet_25",2022,"324.0"
"ITG1","emp_tech_Sheet_25",2023,"328.9"
"ITG1","emp_tech_Sheet_25",2024,"343.3"
"ITG2","emp_tech_Sheet_25",2020,"158.7"
"ITG2","emp_tech_Sheet_25",2021,"160.4"
"ITG2","emp_tech_Sheet_25",2022,"157.6"
"ITG2","emp_tech_Sheet_25",2023,"165.6"
"ITG2","emp_tech_Sheet_25",2024,"177.7"
"ITH1","emp_tech_Sheet_25",2020,"65.2"
"ITH1","emp_tech_Sheet_25",2021,"65.9"
"ITH1","emp_tech_Sheet_25",2022,"77.0"
"ITH1","emp_tech_Sheet_25",2023,"77.6"
"ITH1","emp_tech_Sheet_25",2024,"76.1"
"ITH2","emp_tech_Sheet_25",2020,"47.5"
"ITH2","emp_tech_Sheet_25",2021,"44.5"
"ITH2","emp_tech_Sheet_25",2022,"51.6"
"ITH2","emp_tech_Sheet_25",2023,"50.8"
"ITH2","emp_tech_Sheet_25",2024,"53.7"
"ITH3","emp_tech_Sheet_25",2020,"424.9"
"ITH3","emp_tech_Sheet_25",2021,"432.0"
"ITH3","emp_tech_Sheet_25",2022,"436.0"
"ITH3","emp_tech_Sheet_25",2023,"470.2"
"ITH3","emp_tech_Sheet_25",2024,"456.2"
"ITH4","emp_tech_Sheet_25",2020,"104.2"
"ITH4","emp_tech_Sheet_25",2021,"107.8"
"ITH4","emp_tech_Sheet_25",2022,"109.1"
"ITH4","emp_tech_Sheet_25",2023,"107.3"
"ITH4","emp_tech_Sheet_25",2024,"104.8"
"ITH5","emp_tech_Sheet_25",2020,"404.1"
"ITH5","emp_tech_Sheet_25",2021,"399.4"
"ITH5","emp_tech_Sheet_25",2022,"414.8"
"ITH5","emp_tech_Sheet_25",2023,"434.8"
"ITH5","emp_tech_Sheet_25",2024,"444.8"
"ITI1","emp_tech_Sheet_25",2020,"379.2"
"ITI1","emp_tech_Sheet_25",2021,"365.7"
"ITI1","emp_tech_Sheet_25",2022,"392.2"
"ITI1","emp_tech_Sheet_25",2023,"401.9"
"ITI1","emp_tech_Sheet_25",2024,"416.1"
"ITI2","emp_tech_Sheet_25",2020,"91.2"
"ITI2","emp_tech_Sheet_25",2021,"86.9"
"ITI2","emp_tech_Sheet_25",2022,"87.0"
"ITI2","emp_tech_Sheet_25",2023,"87.8"
"ITI2","emp_tech_Sheet_25",2024,"98.0"
"ITI3","emp_tech_Sheet_25",2020,"129.6"
"ITI3","emp_tech_Sheet_25",2021,"134.6"
"ITI3","emp_tech_Sheet_25",2022,"142.3"
"ITI3","emp_tech_Sheet_25",2023,"142.6"
"ITI3","emp_tech_Sheet_25",2024,"147.9"
"ITI4","emp_tech_Sheet_25",2020,"528.6"
"ITI4","emp_tech_Sheet_25",2021,"498.9"
"ITI4","emp_tech_Sheet_25",2022,"536.2"
"ITI4","emp_tech_Sheet_25",2023,"536.3"
"ITI4","emp_tech_Sheet_25",2024,"553.2"
"CY00","emp_tech_Sheet_25",2020,"117.1"
"CY00","emp_tech_Sheet_25",2021,"122.7"
"CY00","emp_tech_Sheet_25",2022,"132.0"
"CY00","emp_tech_Sheet_25",2023,"135.4"
"CY00","emp_tech_Sheet_25",2024,"139.0"
"LV00","emp_tech_Sheet_25",2020,"161.9"
"LV00","emp_tech_Sheet_25",2021,"159.4"
"LV00","emp_tech_Sheet_25",2022,"167.3"
"LV00","emp_tech_Sheet_25",2023,"157.2"
"LV00","emp_tech_Sheet_25",2024,"150.9"
"LT01","emp_tech_Sheet_25",2020,"84.6"
"LT01","emp_tech_Sheet_25",2021,"81.7"
"LT01","emp_tech_Sheet_25",2022,"71.8"
"LT01","emp_tech_Sheet_25",2023,"78.8"
"LT01","emp_tech_Sheet_25",2024,"78.0"
"LT02","emp_tech_Sheet_25",2020,"168.1"
"LT02","emp_tech_Sheet_25",2021,"158.1"
"LT02","emp_tech_Sheet_25",2022,"172.5"
"LT02","emp_tech_Sheet_25",2023,"168.1"
"LT02","emp_tech_Sheet_25",2024,"169.1"
"LU00","emp_tech_Sheet_25",2020,"39.3"
"LU00","emp_tech_Sheet_25",2021,"40.5"
"LU00","emp_tech_Sheet_25",2022,"40.3"
"LU00","emp_tech_Sheet_25",2023,"41.0"
"LU00","emp_tech_Sheet_25",2024,"38.7"
"HU11","emp_tech_Sheet_25",2020,"156.4"
"HU11","emp_tech_Sheet_25",2021,"145.6"
"HU11","emp_tech_Sheet_25",2022,"156.2"
"HU11","emp_tech_Sheet_25",2023,"169.4"
"HU11","emp_tech_Sheet_25",2024,"150.6"
"HU12","emp_tech_Sheet_25",2020,"126.4"
"HU12","emp_tech_Sheet_25",2021,"134.9"
"HU12","emp_tech_Sheet_25",2022,"129.4"
"HU12","emp_tech_Sheet_25",2023,"121.9"
"HU12","emp_tech_Sheet_25",2024,"117.3"
"HU21","emp_tech_Sheet_25",2020,"72.5"
"HU21","emp_tech_Sheet_25",2021,"77.2"
"HU21","emp_tech_Sheet_25",2022,"87.6"
"HU21","emp_tech_Sheet_25",2023,"88.5"
"HU21","emp_tech_Sheet_25",2024,"75.8"
"HU22","emp_tech_Sheet_25",2020,"80.1"
"HU22","emp_tech_Sheet_25",2021,"82.4"
"HU22","emp_tech_Sheet_25",2022,"86.0"
"HU22","emp_tech_Sheet_25",2023,"92.5"
"HU22","emp_tech_Sheet_25",2024,"93.6"
"HU23","emp_tech_Sheet_25",2020,"55.7"
"HU23","emp_tech_Sheet_25",2021,"57.8"
"HU23","emp_tech_Sheet_25",2022,"55.7"
"HU23","emp_tech_Sheet_25",2023,"58.1"
"HU23","emp_tech_Sheet_25",2024,"62.1"
"HU31","emp_tech_Sheet_25",2020,"65.3"
"HU31","emp_tech_Sheet_25",2021,"65.4"
"HU31","emp_tech_Sheet_25",2022,"69.6"
"HU31","emp_tech_Sheet_25",2023,"67.7"
"HU31","emp_tech_Sheet_25",2024,"65.9"
"HU32","emp_tech_Sheet_25",2020,"97.2"
"HU32","emp_tech_Sheet_25",2021,"97.6"
"HU32","emp_tech_Sheet_25",2022,"100.2"
"HU32","emp_tech_Sheet_25",2023,"95.3"
"HU32","emp_tech_Sheet_25",2024,"95.5"
"HU33","emp_tech_Sheet_25",2020,"84.9"
"HU33","emp_tech_Sheet_25",2021,"86.5"
"HU33","emp_tech_Sheet_25",2022,"93.7"
"HU33","emp_tech_Sheet_25",2023,"95.9"
"HU33","emp_tech_Sheet_25",2024,"89.6"
"MT00","emp_tech_Sheet_25",2020,"54.6"
"MT00","emp_tech_Sheet_25",2021,"52.0"
"MT00","emp_tech_Sheet_25",2022,"57.2"
"MT00","emp_tech_Sheet_25",2023,"63.4"
"MT00","emp_tech_Sheet_25",2024,"66.4"
"NL11","emp_tech_Sheet_25",2020,"44.0"
"NL11","emp_tech_Sheet_25",2021,"54.3"
"NL11","emp_tech_Sheet_25",2022,"56.4"
"NL11","emp_tech_Sheet_25",2023,"56.4"
"NL11","emp_tech_Sheet_25",2024,"56.3"
"NL12","emp_tech_Sheet_25",2020,"61.1"
"NL12","emp_tech_Sheet_25",2021,"65.6"
"NL12","emp_tech_Sheet_25",2022,"71.9"
"NL12","emp_tech_Sheet_25",2023,"71.2"
"NL12","emp_tech_Sheet_25",2024,"70.7"
"NL13","emp_tech_Sheet_25",2020,"38.8"
"NL13","emp_tech_Sheet_25",2021,"50.4"
"NL13","emp_tech_Sheet_25",2022,"48.8"
"NL13","emp_tech_Sheet_25",2023,"54.5"
"NL13","emp_tech_Sheet_25",2024,"54.2"
"NL21","emp_tech_Sheet_25",2020,"106.8"
"NL21","emp_tech_Sheet_25",2021,"131.7"
"NL21","emp_tech_Sheet_25",2022,"133.2"
"NL21","emp_tech_Sheet_25",2023,"129.6"
"NL21","emp_tech_Sheet_25",2024,"127.1"
"NL22","emp_tech_Sheet_25",2020,"199.3"
"NL22","emp_tech_Sheet_25",2021,"223.4"
"NL22","emp_tech_Sheet_25",2022,"229.2"
"NL22","emp_tech_Sheet_25",2023,"236.3"
"NL22","emp_tech_Sheet_25",2024,"235.2"
"NL23","emp_tech_Sheet_25",2020,"46.3"
"NL23","emp_tech_Sheet_25",2021,"47.6"
"NL23","emp_tech_Sheet_25",2022,"53.0"
"NL23","emp_tech_Sheet_25",2023,"55.2"
"NL23","emp_tech_Sheet_25",2024,"53.7"
"NL32","emp_tech_Sheet_25",2020,"265.3"
"NL32","emp_tech_Sheet_25",2021,"286.4"
"NL32","emp_tech_Sheet_25",2022,"308.2"
"NL32","emp_tech_Sheet_25",2023,"319.0"
"NL32","emp_tech_Sheet_25",2024,"322.4"
"NL34","emp_tech_Sheet_25",2020,"36.7"
"NL34","emp_tech_Sheet_25",2021,"43.4"
"NL34","emp_tech_Sheet_25",2022,"41.8"
"NL34","emp_tech_Sheet_25",2023,"41.3"
"NL34","emp_tech_Sheet_25",2024,"38.5"
"NL41","emp_tech_Sheet_25",2020,"249.1"
"NL41","emp_tech_Sheet_25",2021,"309.9"
"NL41","emp_tech_Sheet_25",2022,"297.1"
"NL41","emp_tech_Sheet_25",2023,"307.7"
"NL41","emp_tech_Sheet_25",2024,"297.3"
"NL42","emp_tech_Sheet_25",2020,"106.8"
"NL42","emp_tech_Sheet_25",2021,"107.6"
"NL42","emp_tech_Sheet_25",2022,"120.2"
"NL42","emp_tech_Sheet_25",2023,"121.1"
"NL42","emp_tech_Sheet_25",2024,"118.5"
"AT11","emp_tech_Sheet_25",2020,"26.0"
"AT11","emp_tech_Sheet_25",2021,"24.7"
"AT11","emp_tech_Sheet_25",2022,"24.5"
"AT11","emp_tech_Sheet_25",2023,"25.0"
"AT11","emp_tech_Sheet_25",2024,"24.7"
"AT12","emp_tech_Sheet_25",2020,"151.8"
"AT12","emp_tech_Sheet_25",2021,"145.3"
"AT12","emp_tech_Sheet_25",2022,"158.5"
"AT12","emp_tech_Sheet_25",2023,"155.1"
"AT12","emp_tech_Sheet_25",2024,"158.7"
"AT13","emp_tech_Sheet_25",2020,"166.5"
"AT13","emp_tech_Sheet_25",2021,"163.4"
"AT13","emp_tech_Sheet_25",2022,"173.5"
"AT13","emp_tech_Sheet_25",2023,"178.8"
"AT13","emp_tech_Sheet_25",2024,"170.8"
"AT21","emp_tech_Sheet_25",2020,"53.1"
"AT21","emp_tech_Sheet_25",2021,"54.8"
"AT21","emp_tech_Sheet_25",2022,"53.3"
"AT21","emp_tech_Sheet_25",2023,"55.6"
"AT21","emp_tech_Sheet_25",2024,"49.5"
"AT22","emp_tech_Sheet_25",2020,"114.4"
"AT22","emp_tech_Sheet_25",2021,"110.8"
"AT22","emp_tech_Sheet_25",2022,"113.3"
"AT22","emp_tech_Sheet_25",2023,"117.4"
"AT22","emp_tech_Sheet_25",2024,"118.1"
"AT31","emp_tech_Sheet_25",2020,"140.9"
"AT31","emp_tech_Sheet_25",2021,"142.8"
"AT31","emp_tech_Sheet_25",2022,"131.0"
"AT31","emp_tech_Sheet_25",2023,"131.6"
"AT31","emp_tech_Sheet_25",2024,"143.2"
"AT32","emp_tech_Sheet_25",2020,"68.6"
"AT32","emp_tech_Sheet_25",2021,"65.9"
"AT32","emp_tech_Sheet_25",2022,"69.0"
"AT32","emp_tech_Sheet_25",2023,"70.6"
"AT32","emp_tech_Sheet_25",2024,"75.1"
"AT33","emp_tech_Sheet_25",2020,"85.8"
"AT33","emp_tech_Sheet_25",2021,"88.9"
"AT33","emp_tech_Sheet_25",2022,"100.8"
"AT33","emp_tech_Sheet_25",2023,"99.4"
"AT33","emp_tech_Sheet_25",2024,"91.5"
"AT34","emp_tech_Sheet_25",2020,"43.7"
"AT34","emp_tech_Sheet_25",2021,"37.9"
"AT34","emp_tech_Sheet_25",2022,"36.3"
"AT34","emp_tech_Sheet_25",2023,"38.6"
"AT34","emp_tech_Sheet_25",2024,"40.2"
"PL21","emp_tech_Sheet_25",2020,"258.2"
"PL21","emp_tech_Sheet_25",2021,"274.6"
"PL21","emp_tech_Sheet_25",2022,"279.4"
"PL21","emp_tech_Sheet_25",2023,"285.0"
"PL21","emp_tech_Sheet_25",2024,"286.0"
"PL22","emp_tech_Sheet_25",2020,"309.9"
"PL22","emp_tech_Sheet_25",2021,"308.0"
"PL22","emp_tech_Sheet_25",2022,"315.3"
"PL22","emp_tech_Sheet_25",2023,"304.9"
"PL22","emp_tech_Sheet_25",2024,"281.6"
"PL41","emp_tech_Sheet_25",2020,"267.7"
"PL41","emp_tech_Sheet_25",2021,"298.0"
"PL41","emp_tech_Sheet_25",2022,"277.2"
"PL41","emp_tech_Sheet_25",2023,"253.9"
"PL41","emp_tech_Sheet_25",2024,"263.9"
"PL42","emp_tech_Sheet_25",2020,"126.6"
"PL42","emp_tech_Sheet_25",2021,"136.5"
"PL42","emp_tech_Sheet_25",2022,"138.5"
"PL42","emp_tech_Sheet_25",2023,"136.1"
"PL42","emp_tech_Sheet_25",2024,"123.9"
"PL43","emp_tech_Sheet_25",2020,"67.6"
"PL43","emp_tech_Sheet_25",2021,"71.3"
"PL43","emp_tech_Sheet_25",2022,"73.2"
"PL43","emp_tech_Sheet_25",2023,"78.9"
"PL43","emp_tech_Sheet_25",2024,"74.8"
"PL51","emp_tech_Sheet_25",2020,"211.4"
"PL51","emp_tech_Sheet_25",2021,"228.8"
"PL51","emp_tech_Sheet_25",2022,"227.2"
"PL51","emp_tech_Sheet_25",2023,"220.9"
"PL51","emp_tech_Sheet_25",2024,"194.5"
"PL52","emp_tech_Sheet_25",2020,"70.9"
"PL52","emp_tech_Sheet_25",2021,"72.2"
"PL52","emp_tech_Sheet_25",2022,"63.2"
"PL52","emp_tech_Sheet_25",2023,"61.8"
"PL52","emp_tech_Sheet_25",2024,"59.3"
"PL61","emp_tech_Sheet_25",2020,"143.3"
"PL61","emp_tech_Sheet_25",2021,"144.4"
"PL61","emp_tech_Sheet_25",2022,"160.2"
"PL61","emp_tech_Sheet_25",2023,"155.7"
"PL61","emp_tech_Sheet_25",2024,"161.3"
"PL62","emp_tech_Sheet_25",2020,"89.2"
"PL62","emp_tech_Sheet_25",2021,"86.3"
"PL62","emp_tech_Sheet_25",2022,"91.9"
"PL62","emp_tech_Sheet_25",2023,"88.2"
"PL62","emp_tech_Sheet_25",2024,"85.2"
"PL63","emp_tech_Sheet_25",2020,"168.7"
"PL63","emp_tech_Sheet_25",2021,"182.5"
"PL63","emp_tech_Sheet_25",2022,"189.0"
"PL63","emp_tech_Sheet_25",2023,"174.4"
"PL63","emp_tech_Sheet_25",2024,"171.8"
"PL71","emp_tech_Sheet_25",2020,"160.0"
"PL71","emp_tech_Sheet_25",2021,"162.2"
"PL71","emp_tech_Sheet_25",2022,"166.5"
"PL71","emp_tech_Sheet_25",2023,"167.6"
"PL71","emp_tech_Sheet_25",2024,"159.5"
"PL72","emp_tech_Sheet_25",2020,"78.1"
"PL72","emp_tech_Sheet_25",2021,"85.0"
"PL72","emp_tech_Sheet_25",2022,"81.5"
"PL72","emp_tech_Sheet_25",2023,"86.7"
"PL72","emp_tech_Sheet_25",2024,"93.7"
"PL81","emp_tech_Sheet_25",2020,"124.1"
"PL81","emp_tech_Sheet_25",2021,"125.4"
"PL81","emp_tech_Sheet_25",2022,"128.8"
"PL81","emp_tech_Sheet_25",2023,"132.0"
"PL81","emp_tech_Sheet_25",2024,"139.0"
"PL82","emp_tech_Sheet_25",2020,"137.6"
"PL82","emp_tech_Sheet_25",2021,"142.2"
"PL82","emp_tech_Sheet_25",2022,"145.3"
"PL82","emp_tech_Sheet_25",2023,"150.2"
"PL82","emp_tech_Sheet_25",2024,"150.6"
"PL84","emp_tech_Sheet_25",2020,"79.1"
"PL84","emp_tech_Sheet_25",2021,"79.8"
"PL84","emp_tech_Sheet_25",2022,"81.3"
"PL84","emp_tech_Sheet_25",2023,"76.1"
"PL84","emp_tech_Sheet_25",2024,"72.4"
"PL91","emp_tech_Sheet_25",2020,"242.6"
"PL91","emp_tech_Sheet_25",2021,"259.5"
"PL91","emp_tech_Sheet_25",2022,"280.9"
"PL91","emp_tech_Sheet_25",2023,"288.1"
"PL91","emp_tech_Sheet_25",2024,"278.9"
"PL92","emp_tech_Sheet_25",2020,"143.3"
"PL92","emp_tech_Sheet_25",2021,"136.1"
"PL92","emp_tech_Sheet_25",2022,"148.3"
"PL92","emp_tech_Sheet_25",2023,"155.2"
"PL92","emp_tech_Sheet_25",2024,"143.2"
"PT11","emp_tech_Sheet_25",2020,"348.7"
"PT11","emp_tech_Sheet_25",2021,"359.5"
"PT11","emp_tech_Sheet_25",2022,"373.4"
"PT11","emp_tech_Sheet_25",2023,"380.3"
"PT11","emp_tech_Sheet_25",2024,"376.1"
"PT15","emp_tech_Sheet_25",2020,"73.5"
"PT15","emp_tech_Sheet_25",2021,"75.3"
"PT15","emp_tech_Sheet_25",2022,"80.2"
"PT15","emp_tech_Sheet_25",2023,"80.2"
"PT15","emp_tech_Sheet_25",2024,"79.8"
"PT19","emp_tech_Sheet_25",2020,"143.9"
"PT19","emp_tech_Sheet_25",2021,"149.2"
"PT19","emp_tech_Sheet_25",2022,"151.2"
"PT19","emp_tech_Sheet_25",2023,"157.7"
"PT19","emp_tech_Sheet_25",2024,"158.2"
"PT1A","emp_tech_Sheet_25",2020,"225.5"
"PT1A","emp_tech_Sheet_25",2021,"193.3"
"PT1A","emp_tech_Sheet_25",2022,"232.2"
"PT1A","emp_tech_Sheet_25",2023,"251.1"
"PT1A","emp_tech_Sheet_25",2024,"249.6"
"PT1B","emp_tech_Sheet_25",2020,"80.7"
"PT1B","emp_tech_Sheet_25",2021,"84.3"
"PT1B","emp_tech_Sheet_25",2022,"78.8"
"PT1B","emp_tech_Sheet_25",2023,"81.3"
"PT1B","emp_tech_Sheet_25",2024,"86.8"
"PT1C","emp_tech_Sheet_25",2020,"45.9"
"PT1C","emp_tech_Sheet_25",2021,"41.6"
"PT1C","emp_tech_Sheet_25",2022,"48.8"
"PT1C","emp_tech_Sheet_25",2023,"50.3"
"PT1C","emp_tech_Sheet_25",2024,"49.9"
"PT1D","emp_tech_Sheet_25",2020,"95.4"
"PT1D","emp_tech_Sheet_25",2021,"88.9"
"PT1D","emp_tech_Sheet_25",2022,"83.6"
"PT1D","emp_tech_Sheet_25",2023,"84.5"
"PT1D","emp_tech_Sheet_25",2024,"93.7"
"PT20","emp_tech_Sheet_25",2020,"25.7"
"PT20","emp_tech_Sheet_25",2021,"26.4"
"PT20","emp_tech_Sheet_25",2022,"27.6"
"PT20","emp_tech_Sheet_25",2023,"28.2"
"PT20","emp_tech_Sheet_25",2024,"29.8"
"PT30","emp_tech_Sheet_25",2020,"33.4"
"PT30","emp_tech_Sheet_25",2021,"32.2"
"PT30","emp_tech_Sheet_25",2022,"35.2"
"PT30","emp_tech_Sheet_25",2023,"36.6"
"PT30","emp_tech_Sheet_25",2024,"40.5"
"RO11","emp_tech_Sheet_25",2020,"222.1"
"RO11","emp_tech_Sheet_25",2021,"239.4"
"RO11","emp_tech_Sheet_25",2022,"240.3"
"RO11","emp_tech_Sheet_25",2023,"218.3"
"RO11","emp_tech_Sheet_25",2024,"213.5"
"RO12","emp_tech_Sheet_25",2020,"171.6"
"RO12","emp_tech_Sheet_25",2021,"174.4"
"RO12","emp_tech_Sheet_25",2022,"173.3"
"RO12","emp_tech_Sheet_25",2023,"172.4"
"RO12","emp_tech_Sheet_25",2024,"185.4"
"RO21","emp_tech_Sheet_25",2020,"236.4"
"RO21","emp_tech_Sheet_25",2021,"249.7"
"RO21","emp_tech_Sheet_25",2022,"269.0"
"RO21","emp_tech_Sheet_25",2023,"271.0"
"RO21","emp_tech_Sheet_25",2024,"286.0"
"RO22","emp_tech_Sheet_25",2020,"164.0"
"RO22","emp_tech_Sheet_25",2021,"175.2"
"RO22","emp_tech_Sheet_25",2022,"165.0"
"RO22","emp_tech_Sheet_25",2023,"158.8"
"RO22","emp_tech_Sheet_25",2024,"172.2"
"RO31","emp_tech_Sheet_25",2020,"207.2"
"RO31","emp_tech_Sheet_25",2021,"199.8"
"RO31","emp_tech_Sheet_25",2022,"205.1"
"RO31","emp_tech_Sheet_25",2023,"208.6"
"RO31","emp_tech_Sheet_25",2024,"213.0"
"RO32","emp_tech_Sheet_25",2020,"282.8"
"RO32","emp_tech_Sheet_25",2021,"284.5"
"RO32","emp_tech_Sheet_25",2022,"264.9"
"RO32","emp_tech_Sheet_25",2023,"265.2"
"RO32","emp_tech_Sheet_25",2024,"273.2"
"RO41","emp_tech_Sheet_25",2020,"124.1"
"RO41","emp_tech_Sheet_25",2021,"125.4"
"RO41","emp_tech_Sheet_25",2022,"132.3"
"RO41","emp_tech_Sheet_25",2023,"124.5"
"RO41","emp_tech_Sheet_25",2024,"126.7"
"RO42","emp_tech_Sheet_25",2020,"136.1"
"RO42","emp_tech_Sheet_25",2021,"144.1"
"RO42","emp_tech_Sheet_25",2022,"144.9"
"RO42","emp_tech_Sheet_25",2023,"135.8"
"RO42","emp_tech_Sheet_25",2024,"136.8"
"SI03","emp_tech_Sheet_25",2020,"77.1"
"SI03","emp_tech_Sheet_25",2021,"70.1"
"SI03","emp_tech_Sheet_25",2022,"72.0"
"SI03","emp_tech_Sheet_25",2023,"78.9"
"SI03","emp_tech_Sheet_25",2024,"79.5"
"SI04","emp_tech_Sheet_25",2020,"74.0"
"SI04","emp_tech_Sheet_25",2021,"75.3"
"SI04","emp_tech_Sheet_25",2022,"80.8"
"SI04","emp_tech_Sheet_25",2023,"88.5"
"SI04","emp_tech_Sheet_25",2024,"87.4"
"SK01","emp_tech_Sheet_25",2020,"60.6"
"SK01","emp_tech_Sheet_25",2021,"60.8"
"SK01","emp_tech_Sheet_25",2022,"56.8"
"SK01","emp_tech_Sheet_25",2023,"59.3"
"SK01","emp_tech_Sheet_25",2024,"52.0"
"SK02","emp_tech_Sheet_25",2020,"132.7"
"SK02","emp_tech_Sheet_25",2021,"133.2"
"SK02","emp_tech_Sheet_25",2022,"132.7"
"SK02","emp_tech_Sheet_25",2023,"150.0"
"SK02","emp_tech_Sheet_25",2024,"152.8"
"SK03","emp_tech_Sheet_25",2020,"100.3"
"SK03","emp_tech_Sheet_25",2021,"97.8"
"SK03","emp_tech_Sheet_25",2022,"98.2"
"SK03","emp_tech_Sheet_25",2023,"102.5"
"SK03","emp_tech_Sheet_25",2024,"102.4"
"SK04","emp_tech_Sheet_25",2020,"111.2"
"SK04","emp_tech_Sheet_25",2021,"107.7"
"SK04","emp_tech_Sheet_25",2022,"118.8"
"SK04","emp_tech_Sheet_25",2023,"122.0"
"SK04","emp_tech_Sheet_25",2024,"130.6"
"FI19","emp_tech_Sheet_25",2020,"82.6"
"FI19","emp_tech_Sheet_25",2021,"90.1"
"FI19","emp_tech_Sheet_25",2022,"95.8"
"FI19","emp_tech_Sheet_25",2023,"93.7"
"FI19","emp_tech_Sheet_25",2024,"91.1"
"FI1B","emp_tech_Sheet_25",2020,"135.7"
"FI1B","emp_tech_Sheet_25",2021,"142.0"
"FI1B","emp_tech_Sheet_25",2022,"142.4"
"FI1B","emp_tech_Sheet_25",2023,"133.9"
"FI1B","emp_tech_Sheet_25",2024,"141.9"
"FI1C","emp_tech_Sheet_25",2020,"68.1"
"FI1C","emp_tech_Sheet_25",2021,"76.7"
"FI1C","emp_tech_Sheet_25",2022,"80.4"
"FI1C","emp_tech_Sheet_25",2023,"84.9"
"FI1C","emp_tech_Sheet_25",2024,"79.3"
"FI1D","emp_tech_Sheet_25",2020,"68.5"
"FI1D","emp_tech_Sheet_25",2021,"75.5"
"FI1D","emp_tech_Sheet_25",2022,"77.3"
"FI1D","emp_tech_Sheet_25",2023,"74.3"
"FI1D","emp_tech_Sheet_25",2024,"72.7"
"SE11","emp_tech_Sheet_25",2020,"182.4"
"SE11","emp_tech_Sheet_25",2021,"163.5"
"SE11","emp_tech_Sheet_25",2022,"170.9"
"SE11","emp_tech_Sheet_25",2023,"180.3"
"SE11","emp_tech_Sheet_25",2024,"182.4"
"SE12","emp_tech_Sheet_25",2020,"98.9"
"SE12","emp_tech_Sheet_25",2021,"93.3"
"SE12","emp_tech_Sheet_25",2022,"101.3"
"SE12","emp_tech_Sheet_25",2023,"105.6"
"SE12","emp_tech_Sheet_25",2024,"104.0"
"SE21","emp_tech_Sheet_25",2020,"50.2"
"SE21","emp_tech_Sheet_25",2021,"50.7"
"SE21","emp_tech_Sheet_25",2022,"55.5"
"SE21","emp_tech_Sheet_25",2023,"53.4"
"SE21","emp_tech_Sheet_25",2024,"53.8"
"SE22","emp_tech_Sheet_25",2020,"111.4"
"SE22","emp_tech_Sheet_25",2021,"100.3"
"SE22","emp_tech_Sheet_25",2022,"104.9"
"SE22","emp_tech_Sheet_25",2023,"99.0"
"SE22","emp_tech_Sheet_25",2024,"106.1"
"SE23","emp_tech_Sheet_25",2020,"150.2"
"SE23","emp_tech_Sheet_25",2021,"143.7"
"SE23","emp_tech_Sheet_25",2022,"143.0"
"SE23","emp_tech_Sheet_25",2023,"141.1"
"SE23","emp_tech_Sheet_25",2024,"143.1"
"SE31","emp_tech_Sheet_25",2020,"61.4"
"SE31","emp_tech_Sheet_25",2021,"54.7"
"SE31","emp_tech_Sheet_25",2022,"59.4"
"SE31","emp_tech_Sheet_25",2023,"51.8"
"SE31","emp_tech_Sheet_25",2024,"52.8"
"SE32","emp_tech_Sheet_25",2020,"19.7"
"SE32","emp_tech_Sheet_25",2021,"23.0"
"SE32","emp_tech_Sheet_25",2022,"25.5"
"SE32","emp_tech_Sheet_25",2023,"27.1"
"SE32","emp_tech_Sheet_25",2024,"23.8"
"SE33","emp_tech_Sheet_25",2020,"28.5"
"SE33","emp_tech_Sheet_25",2021,"27.2"
"SE33","emp_tech_Sheet_25",2022,"30.7"
"SE33","emp_tech_Sheet_25",2023,"30.8"
"SE33","emp_tech_Sheet_25",2024,"28.0"
"IS00","emp_tech_Sheet_25",2020,"32.8"
"IS00","emp_tech_Sheet_25",2021,"34.2"
"IS00","emp_tech_Sheet_25",2022,"35.7"
"IS00","emp_tech_Sheet_25",2023,"37.6"
"IS00","emp_tech_Sheet_25",2024,"38.5"
"NO02","emp_tech_Sheet_25",2020,"27.6"
"NO02","emp_tech_Sheet_25",2021,"28.1"
"NO02","emp_tech_Sheet_25",2022,"30.1"
"NO02","emp_tech_Sheet_25",2023,"28.6"
"NO02","emp_tech_Sheet_25",2024,"29.3"
"NO06","emp_tech_Sheet_25",2020,"34.4"
"NO06","emp_tech_Sheet_25",2021,"34.0"
"NO06","emp_tech_Sheet_25",2022,"36.3"
"NO06","emp_tech_Sheet_25",2023,"34.9"
"NO06","emp_tech_Sheet_25",2024,"33.5"
"NO07","emp_tech_Sheet_25",2020,"35.5"
"NO07","emp_tech_Sheet_25",2021,"35.3"
"NO07","emp_tech_Sheet_25",2022,"39.8"
"NO07","emp_tech_Sheet_25",2023,"35.8"
"NO07","emp_tech_Sheet_25",2024,"36.5"
"NO08","emp_tech_Sheet_25",2020,"177.3"
"NO08","emp_tech_Sheet_25",2021,"180.4"
"NO08","emp_tech_Sheet_25",2022,"188.7"
"NO08","emp_tech_Sheet_25",2023,"188.3"
"NO08","emp_tech_Sheet_25",2024,"178.2"
"NO09","emp_tech_Sheet_25",2020,"61.2"
"NO09","emp_tech_Sheet_25",2021,"59.5"
"NO09","emp_tech_Sheet_25",2022,"61.9"
"NO09","emp_tech_Sheet_25",2023,"64.2"
"NO09","emp_tech_Sheet_25",2024,"70.9"
"NO0A","emp_tech_Sheet_25",2020,"99.0"
"NO0A","emp_tech_Sheet_25",2021,"100.5"
"NO0A","emp_tech_Sheet_25",2022,"100.0"
"NO0A","emp_tech_Sheet_25",2023,"98.2"
"NO0A","emp_tech_Sheet_25",2024,"106.6"
"CH01","emp_tech_Sheet_25",2020,"136.8"
"CH01","emp_tech_Sheet_25",2021,"133.6"
"CH01","emp_tech_Sheet_25",2022,"132.4"
"CH01","emp_tech_Sheet_25",2023,"138.1"
"CH01","emp_tech_Sheet_25",2024,"133.0"
"CH02","emp_tech_Sheet_25",2020,"167.4"
"CH02","emp_tech_Sheet_25",2021,"154.5"
"CH02","emp_tech_Sheet_25",2022,"155.2"
"CH02","emp_tech_Sheet_25",2023,"164.5"
"CH02","emp_tech_Sheet_25",2024,"162.2"
"CH03","emp_tech_Sheet_25",2020,"105.3"
"CH03","emp_tech_Sheet_25",2021,"100.0"
"CH03","emp_tech_Sheet_25",2022,"94.9"
"CH03","emp_tech_Sheet_25",2023,"95.7"
"CH03","emp_tech_Sheet_25",2024,"95.2"
"CH04","emp_tech_Sheet_25",2020,"138.5"
"CH04","emp_tech_Sheet_25",2021,"125.4"
"CH04","emp_tech_Sheet_25",2022,"125.4"
"CH04","emp_tech_Sheet_25",2023,"130.4"
"CH04","emp_tech_Sheet_25",2024,"131.5"
"CH05","emp_tech_Sheet_25",2020,"105.5"
"CH05","emp_tech_Sheet_25",2021,"103.6"
"CH05","emp_tech_Sheet_25",2022,"102.0"
"CH05","emp_tech_Sheet_25",2023,"107.6"
"CH05","emp_tech_Sheet_25",2024,"118.2"
"CH06","emp_tech_Sheet_25",2020,"83.7"
"CH06","emp_tech_Sheet_25",2021,"83.0"
"CH06","emp_tech_Sheet_25",2022,"81.9"
"CH06","emp_tech_Sheet_25",2023,"82.3"
"CH06","emp_tech_Sheet_25",2024,"88.6"
"CH07","emp_tech_Sheet_25",2020,"29.0"
"CH07","emp_tech_Sheet_25",2021,"27.8"
"CH07","emp_tech_Sheet_25",2022,"26.9"
"CH07","emp_tech_Sheet_25",2023,"29.1"
"CH07","emp_tech_Sheet_25",2024,"28.7"
"RS11","emp_tech_Sheet_25",2020,"162.0"
"RS11","emp_tech_Sheet_25",2021,"161.4"
"RS11","emp_tech_Sheet_25",2022,"162.8"
"RS11","emp_tech_Sheet_25",2023,"160.6"
"RS11","emp_tech_Sheet_25",2024,"160.1"
"RS12","emp_tech_Sheet_25",2020,"143.5"
"RS12","emp_tech_Sheet_25",2021,"122.4"
"RS12","emp_tech_Sheet_25",2022,"126.7"
"RS12","emp_tech_Sheet_25",2023,"131.8"
"RS12","emp_tech_Sheet_25",2024,"129.8"
"RS21","emp_tech_Sheet_25",2020,"170.4"
"RS21","emp_tech_Sheet_25",2021,"115.0"
"RS21","emp_tech_Sheet_25",2022,"114.4"
"RS21","emp_tech_Sheet_25",2023,"119.9"
"RS21","emp_tech_Sheet_25",2024,"117.5"
"RS22","emp_tech_Sheet_25",2020,"134.7"
"RS22","emp_tech_Sheet_25",2021,"84.6"
"RS22","emp_tech_Sheet_25",2022,"79.4"
"RS22","emp_tech_Sheet_25",2023,"80.4"
"RS22","emp_tech_Sheet_25",2024,"93.4"
"TR10","emp_tech_Sheet_25",2020,"1303.3"
"TR10","emp_tech_Sheet_25",2021,"1379.6"
"TR10","emp_tech_Sheet_25",2022,"1511.1"
"TR10","emp_tech_Sheet_25",2023,"1675.1"
"TR10","emp_tech_Sheet_25",2024,"1697.5"
"TR21","emp_tech_Sheet_25",2020,"123.5"
"TR21","emp_tech_Sheet_25",2021,"124.9"
"TR21","emp_tech_Sheet_25",2022,"139.1"
"TR21","emp_tech_Sheet_25",2023,"142.3"
"TR21","emp_tech_Sheet_25",2024,"149.5"
"TR22","emp_tech_Sheet_25",2020,"132.6"
"TR22","emp_tech_Sheet_25",2021,"138.9"
"TR22","emp_tech_Sheet_25",2022,"146.6"
"TR22","emp_tech_Sheet_25",2023,"153.7"
"TR22","emp_tech_Sheet_25",2024,"159.8"
"TR31","emp_tech_Sheet_25",2020,"348.5"
"TR31","emp_tech_Sheet_25",2021,"356.5"
"TR31","emp_tech_Sheet_25",2022,"388.9"
"TR31","emp_tech_Sheet_25",2023,"377.4"
"TR31","emp_tech_Sheet_25",2024,"411.7"
"TR32","emp_tech_Sheet_25",2020,"247.5"
"TR32","emp_tech_Sheet_25",2021,"262.0"
"TR32","emp_tech_Sheet_25",2022,"294.5"
"TR32","emp_tech_Sheet_25",2023,"318.1"
"TR32","emp_tech_Sheet_25",2024,"339.6"
"TR33","emp_tech_Sheet_25",2020,"176.8"
"TR33","emp_tech_Sheet_25",2021,"175.1"
"TR33","emp_tech_Sheet_25",2022,"186.1"
"TR33","emp_tech_Sheet_25",2023,"212.5"
"TR33","emp_tech_Sheet_25",2024,"231.8"
"TR41","emp_tech_Sheet_25",2020,"258.2"
"TR41","emp_tech_Sheet_25",2021,"292.1"
"TR41","emp_tech_Sheet_25",2022,"323.4"
"TR41","emp_tech_Sheet_25",2023,"314.6"
"TR41","emp_tech_Sheet_25",2024,"324.3"
"TR42","emp_tech_Sheet_25",2020,"240.8"
"TR42","emp_tech_Sheet_25",2021,"263.5"
"TR42","emp_tech_Sheet_25",2022,"297.5"
"TR42","emp_tech_Sheet_25",2023,"324.9"
"TR42","emp_tech_Sheet_25",2024,"332.9"
"TR51","emp_tech_Sheet_25",2020,"379.2"
"TR51","emp_tech_Sheet_25",2021,"423.0"
"TR51","emp_tech_Sheet_25",2022,"447.3"
"TR51","emp_tech_Sheet_25",2023,"468.9"
"TR51","emp_tech_Sheet_25",2024,"489.1"
"TR52","emp_tech_Sheet_25",2020,"129.1"
"TR52","emp_tech_Sheet_25",2021,"134.7"
"TR52","emp_tech_Sheet_25",2022,"143.8"
"TR52","emp_tech_Sheet_25",2023,"160.4"
"TR52","emp_tech_Sheet_25",2024,"170.3"
"TR61","emp_tech_Sheet_25",2020,"328.9"
"TR61","emp_tech_Sheet_25",2021,"354.7"
"TR61","emp_tech_Sheet_25",2022,"437.6"
"TR61","emp_tech_Sheet_25",2023,"480.0"
"TR61","emp_tech_Sheet_25",2024,"457.5"
"TR62","emp_tech_Sheet_25",2020,"258.1"
"TR62","emp_tech_Sheet_25",2021,"296.7"
"TR62","emp_tech_Sheet_25",2022,"345.7"
"TR62","emp_tech_Sheet_25",2023,"341.9"
"TR62","emp_tech_Sheet_25",2024,"340.4"
"TR63","emp_tech_Sheet_25",2020,"170.9"
"TR63","emp_tech_Sheet_25",2021,"170.0"
"TR63","emp_tech_Sheet_25",2022,"205.0"
"TR63","emp_tech_Sheet_25",2023,"180.3"
"TR63","emp_tech_Sheet_25",2024,"213.2"
"TR71","emp_tech_Sheet_25",2020,"92.6"
"TR71","emp_tech_Sheet_25",2021,"92.9"
"TR71","emp_tech_Sheet_25",2022,"94.6"
"TR71","emp_tech_Sheet_25",2023,"96.4"
"TR71","emp_tech_Sheet_25",2024,"100.7"
"TR72","emp_tech_Sheet_25",2020,"123.3"
"TR72","emp_tech_Sheet_25",2021,"141.4"
"TR72","emp_tech_Sheet_25",2022,"150.2"
"TR72","emp_tech_Sheet_25",2023,"138.0"
"TR72","emp_tech_Sheet_25",2024,"146.7"
"TR81","emp_tech_Sheet_25",2020,"55.2"
"TR81","emp_tech_Sheet_25",2021,"61.3"
"TR81","emp_tech_Sheet_25",2022,"62.7"
"TR81","emp_tech_Sheet_25",2023,"62.7"
"TR81","emp_tech_Sheet_25",2024,"68.6"
"TR82","emp_tech_Sheet_25",2020,"42.9"
"TR82","emp_tech_Sheet_25",2021,"45.0"
"TR82","emp_tech_Sheet_25",2022,"45.0"
"TR82","emp_tech_Sheet_25",2023,"41.6"
"TR82","emp_tech_Sheet_25",2024,"45.8"
"TR83","emp_tech_Sheet_25",2020,"151.3"
"TR83","emp_tech_Sheet_25",2021,"152.7"
"TR83","emp_tech_Sheet_25",2022,"175.9"
"TR83","emp_tech_Sheet_25",2023,"177.9"
"TR83","emp_tech_Sheet_25",2024,"191.1"
"TR90","emp_tech_Sheet_25",2020,"136.0"
"TR90","emp_tech_Sheet_25",2021,"148.0"
"TR90","emp_tech_Sheet_25",2022,"164.4"
"TR90","emp_tech_Sheet_25",2023,"186.0"
"TR90","emp_tech_Sheet_25",2024,"198.3"
"TRA1","emp_tech_Sheet_25",2020,"44.7"
"TRA1","emp_tech_Sheet_25",2021,"48.2"
"TRA1","emp_tech_Sheet_25",2022,"48.3"
"TRA1","emp_tech_Sheet_25",2023,"51.6"
"TRA1","emp_tech_Sheet_25",2024,"56.9"
"TRA2","emp_tech_Sheet_25",2020,"25.0"
"TRA2","emp_tech_Sheet_25",2021,"29.3"
"TRA2","emp_tech_Sheet_25",2022,"32.0"
"TRA2","emp_tech_Sheet_25",2023,"37.7"
"TRA2","emp_tech_Sheet_25",2024,"37.4"
"TRB1","emp_tech_Sheet_25",2020,"76.1"
"TRB1","emp_tech_Sheet_25",2021,"86.0"
"TRB1","emp_tech_Sheet_25",2022,"92.1"
"TRB1","emp_tech_Sheet_25",2023,"83.0"
"TRB1","emp_tech_Sheet_25",2024,"88.3"
"TRB2","emp_tech_Sheet_25",2020,"61.9"
"TRB2","emp_tech_Sheet_25",2021,"67.2"
"TRB2","emp_tech_Sheet_25",2022,"76.2"
"TRB2","emp_tech_Sheet_25",2023,"70.5"
"TRB2","emp_tech_Sheet_25",2024,"73.9"
"TRC1","emp_tech_Sheet_25",2020,"146.7"
"TRC1","emp_tech_Sheet_25",2021,"146.4"
"TRC1","emp_tech_Sheet_25",2022,"162.4"
"TRC1","emp_tech_Sheet_25",2023,"148.9"
"TRC1","emp_tech_Sheet_25",2024,"158.1"
"TRC2","emp_tech_Sheet_25",2020,"106.0"
"TRC2","emp_tech_Sheet_25",2021,"112.6"
"TRC2","emp_tech_Sheet_25",2022,"131.7"
"TRC2","emp_tech_Sheet_25",2023,"136.3"
"TRC2","emp_tech_Sheet_25",2024,"153.7"
"TRC3","emp_tech_Sheet_25",2020,"54.3"
"TRC3","emp_tech_Sheet_25",2021,"66.7"
"TRC3","emp_tech_Sheet_25",2022,"72.6"
"TRC3","emp_tech_Sheet_25",2023,"86.9"
"TRC3","emp_tech_Sheet_25",2024,"86.1"
